{
  "Min_Temp": 5977.39575201273,
  "Rainfall": 27223.64103370905,
  "Bright_Sunshine": 6196.901152849197,
  "Station_Number": 25932.77628183365,
  "ALT": 9485.46756207943,
  "rain_latitude": 232441.11389279366,
  "rain_longitude": 2691.490603506565,
  "dist_to_water": 15893.22424685955
}