{
  "Rainfall": 21745.348222682594,
  "Relative_Humidity": 866.710002797849,
  "Cloud_Coverage": 1043.937527958345,
  "Station_Number": 5332.296702598746,
  "Min_Temp": 193.39144527967358,
  "rain_latitude": 15757.618081270235,
  "rain_longitude": 20572.61924264402,
  "dist_to_water": 5296.848342415224,
  "river_discharge": 2764.6041513124255
}