{
  "Min_Temp": 3585.640456924957,
  "Rainfall": 34435.43778625876,
  "Bright_Sunshine": 4131.979677059517,
  "Station_Number": 10148.791303581922,
  "ALT": 5455.474134620046,
  "rain_latitude": 67507.1441354436,
  "rain_longitude": 2665.2578504134435,
  "dist_to_water": 5223.405876920326
}