{
  "Min_Temp": 994.0239586830139,
  "Rainfall": 39618.04283738136,
  "Bright_Sunshine": 1723.4401984214783,
  "Station_Number": 20898.01706957817,
  "ALT": 7219.704520702362,
  "rain_latitude": 145201.83623600006,
  "rain_longitude": 252.04852151870728,
  "dist_to_water": 7321.625000238419
}