{
  "Rainfall": 21013.906640946865,
  "Relative_Humidity": 1267.6629096269608,
  "Cloud_Coverage": 1247.9466891884804,
  "Station_Number": 8256.539451956749,
  "Min_Temp": 1177.0555501282215,
  "rain_latitude": 46114.424377024174,
  "rain_longitude": 15217.0035353899,
  "dist_to_water": 3451.632639706135,
  "river_discharge": 4998.457168132067
}