{
  "Min_Temp": 1327.5734405219555,
  "Rainfall": 16782.23059463501,
  "Bright_Sunshine": 1639.3025561571121,
  "Station_Number": 7451.434334129095,
  "ALT": 2763.1530880630016,
  "rain_latitude": 47529.82172036171,
  "rain_longitude": 866.9087251126766,
  "dist_to_water": 2732.976890683174
}