{
  "Min_Temp": 6336.799102216959,
  "Rainfall": 69914.61775809526,
  "Bright_Sunshine": 6666.69492161274,
  "Station_Number": 20021.890778779984,
  "ALT": 8453.19542297721,
  "rain_latitude": 118590.41569530964,
  "rain_longitude": 3069.8093371093273,
  "dist_to_water": 6537.3483073711395
}