{
  "Min_Temp": 7885.341160071781,
  "Rainfall": 79560.48679435659,
  "Bright_Sunshine": 9452.613760130247,
  "Station_Number": 19533.560641136253,
  "ALT": 11760.330891618505,
  "rain_latitude": 84563.69283094304,
  "rain_longitude": 16000.157547546376,
  "dist_to_water": 11602.90540656168
}