{
  "Min_Temp": 7737.892105527921,
  "Rainfall": 164046.2854855038,
  "Bright_Sunshine": 10851.710596699559,
  "Station_Number": 38793.96208039066,
  "ALT": 25002.137690719683,
  "rain_latitude": 213602.44634019444,
  "rain_longitude": 28237.25181708834,
  "dist_to_water": 17894.57927997224
}