{
  "Rainfall": 8725.209738492966,
  "Relative_Humidity": 659.2463388442993,
  "Cloud_Coverage": 455.5379304885864,
  "Station_Number": 5878.546651363373,
  "Min_Temp": 404.2420508861542,
  "rain_latitude": 41625.76698946953,
  "rain_longitude": 9322.87448310852,
  "dist_to_water": 3136.8608808517456,
  "river_discharge": 3159.3197824954987
}