{
  "Month": 685.1936806440353,
  "Rainfall": 9249.35611140728,
  "Relative_Humidity": 398.93956685066223,
  "Station_Number": 3775.1658774614334,
  "ALT": 3136.2475962638855,
  "rain_latitude": 42934.76672530174,
  "rain_longitude": 9184.030319571495,
  "dist_to_water": 3027.639093399048,
  "river_discharge": 3595.102544903755
}