{
  "Min_Temp": 2378.45023432374,
  "Rainfall": 29554.776647239923,
  "Bright_Sunshine": 2785.442210048437,
  "Station_Number": 11618.2542078197,
  "ALT": 5076.418976634741,
  "rain_latitude": 84282.41202300787,
  "rain_longitude": 1303.0634396374226,
  "dist_to_water": 5552.904345750809
}