{
  "Min_Temp": 5275.575574810482,
  "Rainfall": 41692.958578045414,
  "Bright_Sunshine": 6204.544067038954,
  "Station_Number": 10959.673589698428,
  "ALT": 5764.992718126585,
  "rain_latitude": 60622.0737842001,
  "rain_longitude": 6097.445288956159,
  "dist_to_water": 7432.41474729031
}