{
  "Min_Temp": 2902.2227262556553,
  "Rainfall": 29895.511794358492,
  "Cloud_Coverage": 2556.260000541806,
  "Station_Number": 11527.584368094802,
  "ALT": 5120.842044249177,
  "rain_latitude": 84100.71505884826,
  "rain_longitude": 1517.342358842492,
  "dist_to_water": 5840.516349166632
}