{
  "Month": 2033.6777767688036,
  "Rainfall": 25227.055361956358,
  "Relative_Humidity": 2165.513325303793,
  "Station_Number": 7628.585221126676,
  "ALT": 4989.255309700966,
  "rain_latitude": 67425.11277328432,
  "rain_longitude": 13954.387589901686,
  "dist_to_water": 4415.727269694209,
  "river_discharge": 8319.347379356623
}