{
  "Min_Temp": 1060.488688001935,
  "Rainfall": 28393.114374825025,
  "Bright_Sunshine": 4484.256457279682,
  "Station_Number": 8802.697544695975,
  "ALT": 7686.937406446112,
  "rain_latitude": 26722.292148770724,
  "rain_longitude": 49212.53832388693,
  "dist_to_water": 6242.458836923807
}