{
  "Min_Temp": 32316.18060258217,
  "Rainfall": 588943.4416177103,
  "Bright_Sunshine": 51227.952494927216,
  "Station_Number": 124234.09272953076,
  "ALT": 79518.8065037094,
  "rain_latitude": 653666.3068513758,
  "rain_longitude": 200247.57796091028,
  "dist_to_water": 81204.08648914122
}