{
  "Min_Temp": 7627.97873327136,
  "Rainfall": 28923.959033682942,
  "Bright_Sunshine": 8097.848895430565,
  "Station_Number": 26420.003212973475,
  "ALT": 9744.903838515282,
  "rain_latitude": 233764.3287485391,
  "rain_longitude": 3780.385220080614,
  "dist_to_water": 16436.941496625543
}