{
  "Min_Temp": 5422.987526451524,
  "Rainfall": 39940.003677887566,
  "Bright_Sunshine": 6036.486056606119,
  "Station_Number": 17933.587960310488,
  "ALT": 6826.528671216696,
  "rain_latitude": 138535.7424993221,
  "rain_longitude": 6671.224702565533,
  "dist_to_water": 9257.442497397915
}