{
  "Min_Temp": 2982.8305044174194,
  "Rainfall": 33795.99598693848,
  "Bright_Sunshine": 2882.3948669433594,
  "Station_Number": 36250.64428806305,
  "ALT": 14403.963777065277,
  "rain_latitude": 346288.270526886,
  "rain_longitude": 982.3996696472168,
  "dist_to_water": 22573.83720111847
}