{
  "Min_Temp": 3310.003706395626,
  "Rainfall": 13808.150821268559,
  "Bright_Sunshine": 3269.770871460438,
  "Station_Number": 13440.446019589901,
  "ALT": 5171.510405302048,
  "rain_latitude": 121268.79871606827,
  "rain_longitude": 1597.2989393472672,
  "dist_to_water": 8079.7327473163605
}