{
  "Min_Temp": 4177.165128350258,
  "Rainfall": 65706.52301084995,
  "Cloud_Coverage": 3471.433713853359,
  "Station_Number": 18129.163271427155,
  "ALT": 7595.8823137283325,
  "rain_latitude": 106666.84104222059,
  "rain_longitude": 1938.2742034196854,
  "dist_to_water": 5117.259685993195
}