{
  "Month": 679.6299148670494,
  "Rainfall": 19366.485701685557,
  "Relative_Humidity": 830.7499647472541,
  "Station_Number": 4576.156556673229,
  "ALT": 3657.2621751421816,
  "rain_latitude": 26394.269169271916,
  "rain_longitude": 12754.730010821297,
  "dist_to_water": 4262.249968313328,
  "river_discharge": 2324.252241632698
}