{
  "Min_Temp": 1001.9904077921043,
  "Rainfall": 18157.549391565906,
  "Cloud_Coverage": 6606.884285195001,
  "Station_Number": 7667.86328721085,
  "ALT": 7296.700350911029,
  "rain_latitude": 36241.91066438772,
  "rain_longitude": 47401.51322064348,
  "dist_to_water": 6483.778132791288
}