{
  "Min_Temp": 8924.800054859836,
  "Rainfall": 71916.89965584979,
  "Bright_Sunshine": 8856.150183405478,
  "Station_Number": 23128.814053127076,
  "ALT": 17700.578167917905,
  "rain_latitude": 178031.1219582272,
  "rain_longitude": 16242.229325574037,
  "dist_to_water": 12720.071176033234
}