{
  "Min_Temp": 1948.9002581238747,
  "Rainfall": 7350.6755357682705,
  "Bright_Sunshine": 1954.3699965178967,
  "Station_Number": 9638.017594575882,
  "ALT": 2564.619729042053,
  "rain_latitude": 83130.80682319403,
  "rain_longitude": 1610.895773947239,
  "dist_to_water": 4546.68420740962
}