{
  "Min_Temp": 15193.470685911912,
  "Rainfall": 122496.82467546652,
  "Bright_Sunshine": 19091.033331790717,
  "Station_Number": 47096.75742796204,
  "ALT": 23768.55301637629,
  "rain_latitude": 193440.79256308297,
  "rain_longitude": 22987.275378885013,
  "dist_to_water": 26925.267758980695
}