{
  "Min_Temp": 3854.667321920395,
  "Rainfall": 25242.24139380455,
  "Bright_Sunshine": 4187.494380474091,
  "Station_Number": 25045.012532949448,
  "ALT": 9014.751461267471,
  "rain_latitude": 230992.71068787575,
  "rain_longitude": 1596.1682016849518,
  "dist_to_water": 15027.319005727768
}