{
  "Min_Temp": 1936.784585595131,
  "Rainfall": 22852.110997229815,
  "Bright_Sunshine": 2472.3388937562704,
  "Station_Number": 6900.812846317887,
  "ALT": 3434.4863569289446,
  "rain_latitude": 44086.67295435816,
  "rain_longitude": 2281.589167073369,
  "dist_to_water": 3252.8294430822134
}